{
  "CAMERA_PARAMS": {
    "focal_length_mm": 2.8,
    "sensor_width_mm": 5.37,
    "sensor_height_mm": 4.04,
    "calibration_factor": 0.8262033144379947
  },
  "DISTANCE_CORRECTION_POLYNOMIAL": [
    0.6818394051165512,
    141.66267794977955
  ],
  "PERSPECTIVE_CORRECTION_PARAMS": {
    "width_correction_base": 1.0,
    "width_correction_scale": 0.2,
    "height_correction_base": 1.0,
    "height_correction_scale": 0.15,
    "enable_perspective_correction": true
  },
  "DISTANCE_CALIBRATION_PARAMS": {
    "use_corrected_distance": true,
    "calibration_method": "linear",
    "calibration_date": "2025-08-01T11:53:58.223323"
  },
  "calibration_metadata": {
    "timestamp": "20250801_115358",
    "method_used": "linear",
    "calibration_points": 10,
    "data": [
      {
        "actual": 500.0,
        "measurements": [
          531.533561780731,
          582.0945637838837,
          534.8025711662075,
          532.92656391092,
          580.2815685145532,
          525.6860939390674,
          525.0440056710228,
          575.4580803050601,
          522.2077767136407,
          573.4678462752277
        ],
        "avg": 548.3502632060314,
        "std": 24.430555709072696
      },
      {
        "actual": 500.0,
        "measurements": [
          752.3233736991198,
          750.6646641687101,
          750.5766837539715,
          748.5196445151212,
          730.9543892424696,
          728.7572688294567,
          725.1726609426762,
          720.6625716514995,
          720.4164777299264,
          721.5076313352528
        ],
        "avg": 734.9555365868204,
        "std": 13.126596329305945
      },
      {
        "actual": 500.0,
        "measurements": [
          624.5700274326559,
          623.4088818587826,
          623.6988856088154,
          623.6988856088154,
          625.3342495949632,
          627.2525380543818,
          624.2894649224061,
          625.9168868386298,
          623.6988856088154,
          623.4807362476934
        ],
        "avg": 624.5349441775959,
        "std": 1.202988551229443
      },
      {
        "actual": 900.0,
        "measurements": [
          1032.8542557209128,
          1033.4343694599488,
          1033.4343694599488,
          1033.4343694599488,
          1023.8493628223268,
          1026.8038099829387,
          1026.6931082207502,
          1031.9754836052666,
          1026.964159946549,
          1026.7628188228841
        ],
        "avg": 1029.6206107501473,
        "std": 3.530889382126114
      },
      {
        "actual": 900.0,
        "measurements": [
          1010.7212675503749,
          1005.8921281852232,
          1003.6558916300386,
          1001.2128031706262,
          1151.1619905388457,
          1153.3248262602046,
          1156.9734811485198,
          1141.6233185895233,
          1141.976501141433,
          1147.9031790836639
        ],
        "avg": 1091.4445387298451,
        "std": 70.45028580171784
      },
      {
        "actual": 900.0,
        "measurements": [
          1084.6854158872866,
          1084.6854158872866,
          808.1584518929304,
          1087.4381723095369,
          1061.1391883377064,
          807.8523379019433,
          1051.4890869638953,
          810.5218219010503,
          809.1048060039352,
          805.7515310225652
        ],
        "avg": 941.0826228108135,
        "std": 133.21582217578893
      },
      {
        "actual": 900.0,
        "measurements": [
          1004.893182911035,
          999.9901070368311,
          1000.084014237143,
          1002.4178524147324,
          990.9236277657625,
          988.8784921109251,
          995.4980149593216,
          982.0831434427967,
          993.5785864443442,
          986.8611725497829
        ],
        "avg": 994.5208193872675,
        "std": 7.0056807761417135
      },
      {
        "actual": 1200.0,
        "measurements": [
          1440.708846196093,
          1455.4543378741216,
          1435.7382923214816,
          755.1109918104605,
          1455.0982236579305,
          1455.4543378741216,
          1455.4543378741216,
          1455.5197202461193,
          1455.5197202461193,
          1455.5197202461193
        ],
        "avg": 1381.9578528346688,
        "std": 209.062134511025
      },
      {
        "actual": 1200.0,
        "measurements": [
          1736.8140449434622,
          1703.3959322361277,
          1722.5304081613863,
          1736.8140449434622,
          1736.8140449434622,
          1703.1429740527067,
          1736.8140449434622,
          1736.8140449434622,
          1736.8140449434622,
          1730.6008506785622
        ],
        "avg": 1728.0554434789556,
        "std": 13.137756042816022
      },
      {
        "actual": 1200.0,
        "measurements": [
          1617.0294728688227,
          1617.1190849132104,
          1599.6137608428594,
          1604.7730606497973,
          1599.6137608428594,
          1604.4341510609697,
          1604.9213786217902,
          1617.0294728688227,
          1592.6922749837488,
          1617.0294728688227
        ],
        "avg": 1607.4255890521704,
        "std": 8.555952060067963
      }
    ]
  }
}